<?xml version="1.0" encoding="utf-16"?>
<Level width ="2">
<Camera x="0" y="2" minWidth="20" maxWidth="30">
<Birds>
<Bird type="BirdRed"/>
<Bird type="BirdBlue"/>
<Bird type="BirdBlue"/>
</Birds>
<Slingshot x="-8" y="-2.5">
<GameObjects>
<Block type="RectBig" material="stone" x="-1.6826465527" y="-3.39" rotation="0" />
<Block type="RectBig" material="stone" x="1.0373534473" y="-3.39" rotation="0" />
<Block type="RectFat" material="wood" x="-1.3676465527" y="-3.065" rotation="0" />
<Block type="RectFat" material="wood" x="-0.3226465527" y="-3.065" rotation="0" />
<Block type="RectFat" material="ice" x="0.7223534473" y="-3.065" rotation="0" />
<Block type="RectSmall" material="wood" x="-1.0526465527" y="-2.74" rotation="0" />
<Block type="RectSmall" material="ice" x="0.4073534473" y="-2.74" rotation="0" />
<Block type="RectMedium" material="wood" x="-0.3226465527" y="-2.52" rotation="0" />
<Block type="RectTiny" material="stone" x="-1.0526465527" y="-2.195" rotation="90" />
<Block type="RectTiny" material="stone" x="0.4073534473" y="-2.195" rotation="90" />
<Block type="RectMedium" material="wood" x="-0.3226465526623894" y="-1.87" rotation="0" />
<Block type="SquareSmall" material="wood" x="2.8531894575" y="-3.285" rotation="0" />
<Block type="SquareSmall" material="wood" x="4.6931894575" y="-3.285" rotation="0" />
<Block type="SquareSmall" material="stone" x="2.8531894575" y="-2.855" rotation="0" />
<Block type="SquareSmall" material="ice" x="4.6931894575" y="-2.855" rotation="0" />
<Block type="RectBig" material="wood" x="3.7731894575" y="-2.53" rotation="0" />
<Block type="RectFat" material="ice" x="3.7731894575" y="-1.995" rotation="90" />
<Block type="SquareTiny" material="wood" x="3.773189457486886" y="-1.46" rotation="0" />
<Block type="RectSmall" material="stone" x="6.1658360101" y="-3.39" rotation="0" />
<Block type="RectSmall" material="stone" x="7.0958360101" y="-3.39" rotation="0" />
<Block type="RectSmall" material="ice" x="8.0258360101" y="-3.39" rotation="0" />
<Block type="SquareHole" material="stone" x="6.1658360101" y="-2.86" rotation="0" />
<Block type="SquareHole" material="stone" x="7.0958360101" y="-2.86" rotation="0" />
<Block type="SquareHole" material="ice" x="8.0258360101" y="-2.86" rotation="0" />
<Block type="RectTiny" material="ice" x="6.1658360101" y="-2.33" rotation="0" />
<Block type="RectTiny" material="stone" x="7.0958360101" y="-2.33" rotation="0" />
<Block type="RectTiny" material="ice" x="8.0258360101" y="-2.33" rotation="0" />
<Block type="RectSmall" material="stone" x="0.5100687045" y="0.3840214026" rotation="0" />
<Block type="RectSmall" material="wood" x="1.4300687045" y="0.3840214026" rotation="0" />
<Block type="RectSmall" material="wood" x="2.3500687045" y="0.3840214026" rotation="0" />
<Block type="RectBig" material="ice" x="1.4300687045" y="0.6040214026" rotation="0" />
<Block type="RectMedium" material="wood" x="1.4300687045" y="0.8240214026" rotation="0" />
<Block type="RectMedium" material="ice" x="1.4300687044537848" y="1.0440214026" rotation="0" />
<Block type="RectSmall" material="stone" x="5.7485276087" y="0.7415991091" rotation="0" />
<Block type="RectSmall" material="wood" x="6.6685276087" y="0.7415991091" rotation="0" />
<Block type="RectSmall" material="wood" x="7.5885276087" y="0.7415991091" rotation="0" />
<Block type="SquareTiny" material="wood" x="5.7485276087" y="0.9615991091" rotation="0" />
<Block type="SquareTiny" material="ice" x="6.6685276087" y="0.9615991091" rotation="0" />
<Block type="SquareTiny" material="ice" x="7.5885276087" y="0.9615991091" rotation="0" />
<Block type="RectBig" material="wood" x="6.668527608724937" y="1.1815991091" rotation="0" />
<Block type="CircleSmall" material="stone" x="5.9818609421" y="1.5165991091" rotation="0" />
<Block type="CircleSmall" material="ice" x="-2.3693132194" y="-3.055" rotation="0" />
<Block type="TriangleHole" material="stone" x="4.4598561242" y="-2.01" rotation="0" />
<Block type="CircleSmall" material="ice" x="8.0258360101" y="-1.995" rotation="0" />
<Block type="CircleSmall" material="ice" x="6.1658360101" y="-1.995" rotation="0" />
<Block type="Triangle" material="stone" x="1.724020114" y="-2.87" rotation="90.0" />
<Block type="Triangle" material="stone" x="0.2373534473" y="-1.35" rotation="0.0" />
<Block type="CircleSmall" material="wood" x="1.9900687045" y="1.3790214026" rotation="0" />
<Block type="CircleSmall" material="ice" x="0.8700687045" y="1.3790214026" rotation="0" />
<Block type="TriangleHole" material="stone" x="3.0865227908" y="-2.01" rotation="0" />
<Block type="CircleSmall" material="wood" x="1.4300687045" y="1.3790214026" rotation="0" />
<Block type="TriangleHole" material="stone" x="6.6685276087" y="1.7015991091" rotation="0" />
<Block type="TriangleHole" material="wood" x="-0.8826465527" y="-1.35" rotation="0" />
<Pig type="BasicSmall" material="" x="3.7731894575" y="-1.1" rotation="0" />
<Pig type="BasicSmall" material="" x="7.0958360101" y="-1.97" rotation="0" />
<Platform type="Platform" material="" x="0.19006870445378476" y="-0.035978597350702746" />
<Platform type="Platform" material="" x="0.8100687044537848" y="-0.035978597350702746" />
<Platform type="Platform" material="" x="1.4300687044537848" y="-0.035978597350702746" />
<Platform type="Platform" material="" x="2.0500687044537846" y="-0.035978597350702746" />
<Platform type="Platform" material="" x="2.6700687044537847" y="-0.035978597350702746" />
<Platform type="Platform" material="" x="5.428527608724937" y="0.3215991090658257" />
<Platform type="Platform" material="" x="6.048527608724937" y="0.3215991090658257" />
<Platform type="Platform" material="" x="6.668527608724937" y="0.3215991090658257" />
<Platform type="Platform" material="" x="7.288527608724937" y="0.3215991090658257" />
<Platform type="Platform" material="" x="7.908527608724937" y="0.3215991090658257" />
<TNT type="" material="" x="7.3551942754" y="1.5415991091" rotation="0" />
</GameObjects>
</Level>
